\c hogwarts_phil_benz;

--ADDRESSES
INSERT INTO addresses (street1, street2, city, state, post_code)
VALUES ('123 Main St', 'apt1', 'Sheboygen', 'WI', '41111');

INSERT INTO addresses (street1, street2, city, state, post_code)
VALUES ('400 Privet Dr', 'under the stairs', 'Suburban', 'NJ', '12121');

INSERT INTO addresses (street1, city, state, post_code)
VALUES ('987 Darkly Dreary Dr', 'Portland', 'OR', '95555');

INSERT INTO addresses (street1, street2, city, state, post_code)
VALUES ('8000 Diagon Alley', 'by the fireplace', 'Austin', 'TX', '56565');

INSERT INTO addresses (street1, street2, city, state, post_code)
VALUES ('7000 Nocturn ALley', 'near a creepy guy', 'Armour', 'SD', '54545');

INSERT INTO addresses (street1, street2, city, state, post_code)
VALUES ('Hogwarts Campus', 'Slytherin Bldg', 'Hogwarts', 'UK', '11111');

INSERT INTO addresses (street1, street2, city, state, post_code)
VALUES ('Hogwarts Campus', 'Hufflepuff Bldg', 'Hogwarts', 'UK', '11111');

INSERT INTO addresses (street1, street2, city, state, post_code)
VALUES ('Hogwarts Campus', 'Ravenclaw Bldg', 'Hogwarts', 'UK', '11111');

INSERT INTO addresses (street1, street2, city, state, post_code)
VALUES ('Hogwarts Campus', 'Gryffindor Bldg', 'Hogwarts', 'UK', '11111');

INSERT INTO addresses (street1, street2, city, state, post_code)
VALUES ('Weasly Farm', 'way out yonder', 'Redneck', 'AL', '34343');

INSERT INTO addresses (street1, street2, city, state, post_code)
VALUES ('600 Pennsylvania Ave', 'you cant miss it', 'Washington', 'DC', '34343');

INSERT INTO addresses (street1, street2, city, state, post_code)
VALUES ('300 S Birch Dr', 'c o of the wand guy', 'Denver', 'CO', '80222');

INSERT INTO addresses (street1, street2, city, state, post_code)
VALUES ('1000 Colorado Blvd', ' ', 'Denver', 'CO', '80222');

INSERT INTO addresses (street1, street2, city, state, post_code)
VALUES ('1 Trump Tower', ' ', 'Manhattan', 'NY', '01012');

INSERT INTO addresses (street1, street2, city, state, post_code)
VALUES ('1 Embarcadero Dr', ' ', 'San Francisco', 'CA', '04111');

INSERT INTO addresses (street1, street2, city, state, post_code)
VALUES ('1 Main Dr', ' ', 'San Francisco', 'CA', '04111');

INSERT INTO addresses (street1, street2, city, state, post_code)
VALUES ('100 Elm Dr', ' ', 'San Francisco', 'CA', '04111');

INSERT INTO addresses (street1, street2, city, state, post_code)
VALUES ('1200 Birch Dr', ' ', 'San Francisco', 'CA', '04111');

INSERT INTO addresses (street1, street2, city, state, post_code)
VALUES ('300 Maple Dr', ' ', 'San Francisco', 'CA', '04111');

INSERT INTO addresses (street1, street2, city, state, post_code)
VALUES ('400 Chestnut Dr', ' ', 'San Francisco', 'CA', '04111');

INSERT INTO addresses (street1, street2, city, state, post_code)
VALUES ('500 Aspen Dr', ' ', 'San Francisco', 'CA', '04111');

INSERT INTO addresses (street1, street2, city, state, post_code)
VALUES ('600 Oak Dr', ' ', 'San Francisco', 'CA', '04111');


--classes

INSERT INTO classes (subject, teacher_id, year)
VALUES ('Intro Potions 1', 1, 'first');

INSERT INTO classes (subject, teacher_id, year)
VALUES ('Intro Potions 2', 1, 'second');

INSERT INTO classes (subject, teacher_id, year)
VALUES ('Intro Potions 3', 1, 'third');

INSERT INTO classes (subject, teacher_id, year)
VALUES ('Intro Potions 4', 1, 'fourth');

INSERT INTO classes (subject, teacher_id, year)
VALUES ('Defense Dark Arts 1', 1, 'first');

INSERT INTO classes (subject, teacher_id, year)
VALUES ('Defense Dark Arts 2', 1, 'second');

INSERT INTO classes (subject, teacher_id, year)
VALUES ('Defense Dark Arts 3', 1, 'third');

INSERT INTO classes (subject, teacher_id, year)
VALUES ('Defense Dark Arts 4', 1, 'fourth');

INSERT INTO classes (subject, teacher_id, year)
VALUES ('Botany 1', 1, 'first');

INSERT INTO classes (subject, teacher_id, year)
VALUES ('Botany 2', 1, 'second');

INSERT INTO classes (subject, teacher_id, year)
VALUES ('Botany 3', 1, 'third');

INSERT INTO classes (subject, teacher_id, year)
VALUES ('Botany 4', 1, 'fourth');

INSERT INTO classes (subject, teacher_id, year)
VALUES ('Spirit Animals 1', 1, 'first');

INSERT INTO classes (subject, teacher_id, year)
VALUES ('Spirit Animals 2', 1, 'second');

INSERT INTO classes (subject, teacher_id, year)
VALUES ('Spirit Animals 2', 1, 'third');

INSERT INTO classes (subject, teacher_id, year)
VALUES ('Spirit Animals 2', 1, 'fourth');

--CONTACTS
INSERT INTO contacts (first_name, last_name, mobile_owl, office_owl, home_owl)
VALUES ('Draco', 'Malfoy', '555-111-2222', '555-111-2222', '555-111-2222');

INSERT INTO contacts (first_name, last_name, mobile_owl, office_owl, home_owl)
VALUES ('Harry', 'Potter', '333-444-5555', '333-444-5555', '333-444-5555');

INSERT INTO contacts (first_name, last_name, mobile_owl, office_owl, home_owl)
VALUES ('Neville', 'Longbottom', '555-444-3333', '555-444-3333', '555-444-3333');

INSERT INTO contacts (first_name, last_name, mobile_owl, office_owl, home_owl)
VALUES ('Hermione', 'Granger', '111-222-3333', '111-222-3333', '111-222-3333');

INSERT INTO contacts (first_name, last_name, mobile_owl, office_owl, home_owl)
VALUES ('Ron', 'Weasley', '888-999-01010', '888-999-0101', '888-999-0101');

INSERT INTO contacts (first_name, last_name, mobile_owl, office_owl, home_owl)
VALUES ('Jenny', 'Weasley', '888-999-01010', '888-999-0101', '888-999-0101');

INSERT INTO contacts (first_name, last_name, mobile_owl, office_owl, home_owl)
VALUES ('Fred', 'Weasley', '888-999-01010', '888-999-0101', '888-999-0101');

INSERT INTO contacts (first_name, last_name, mobile_owl, office_owl, home_owl)
VALUES ('George', 'Weasley', '888-999-01010', '888-999-0101', '888-999-0101');

INSERT INTO contacts (first_name, last_name, mobile_owl, office_owl, home_owl)
VALUES ('Dad', 'Weasley', '666-777-8989', '888-999-01010', '888-999-0101');

INSERT INTO contacts (first_name, last_name, mobile_owl, office_owl, home_owl)
VALUES ('Mom', 'Weasley', '777-666-8989', '888-999-01010', '888-999-0101');

INSERT INTO contacts (first_name, last_name, mobile_owl, office_owl, home_owl)
VALUES ('Severus', 'Snape', '121-222-3232', '121-222-3232', '121-222-3232');

INSERT INTO contacts (first_name, last_name, mobile_owl, office_owl, home_owl)
VALUES ('Lupin', 'Dude', '888-333-6666', '888-333-6666', '888-333-6666');

INSERT INTO contacts (first_name, last_name, mobile_owl, office_owl, home_owl)
VALUES ('Wanker', 'WeirdEye', '989-321-1234', '989-321-1234', '989-321-1234');

INSERT INTO contacts (first_name, last_name, mobile_owl, office_owl, home_owl)
VALUES ('Azkerban', 'Baddy', '888-565-4242', '888-565-4242', '888-565-4242');

INSERT INTO contacts (first_name, last_name, mobile_owl, office_owl, home_owl)
VALUES ('Botany', 'Woman', '757-757-0101', '757-757-0101', '757-757-0101');

INSERT INTO contacts (first_name, last_name, mobile_owl, office_owl, home_owl)
VALUES ('Mom', 'Malfoy', '757-757-0101', '757-757-0101', '757-757-0101');

INSERT INTO contacts (first_name, last_name, mobile_owl, office_owl, home_owl)
VALUES ('Dad', 'Malfoy', '757-757-0101', '757-757-0101', '757-757-0101');

INSERT INTO contacts (first_name, last_name, mobile_owl, office_owl, home_owl)
VALUES ('Dad', 'Granger', '757-757-0101', '757-757-0101', '757-757-0101');

INSERT INTO contacts (first_name, last_name, mobile_owl, office_owl, home_owl)
VALUES ('Mom', 'Granger', '757-757-0101', '757-757-0101', '757-757-0101');

INSERT INTO contacts (first_name, last_name, mobile_owl, office_owl, home_owl)
VALUES ('Albus', 'Dumbledore', '757-757-0101', '757-757-0101', '757-757-0101');

INSERT INTO contacts (first_name, last_name, mobile_owl, office_owl, home_owl)
VALUES ('Brian', 'Jefferies', '303-303-3333', '303-303-3333', '303-303-3333');

INSERT INTO contacts (first_name, last_name, mobile_owl, office_owl, home_owl)
VALUES ('Julie', 'Awesomeness', '333-333-3333', '333-333-3333', '333-333-3333');

INSERT INTO contacts (first_name, last_name, mobile_owl, office_owl, home_owl)
VALUES ('Gina', 'Debel', '777-777-7777', '777-777-7777', '777-777-7777');

INSERT INTO contacts (first_name, last_name, mobile_owl, office_owl, home_owl)
VALUES ('Krabb', 'Bull', '777-777-7777', '777-777-7777', '777-777-7777');

INSERT INTO contacts (first_name, last_name, mobile_owl, office_owl, home_owl)
VALUES ('Goyle', 'Barkeister', '777-777-7777', '777-777-7777', '777-777-7777');


--DEPARTMENTS

INSERT INTO departments (department_name, subject)
VALUES ('Dark Arts', 'Defense Against Bad People That Hiss');

INSERT INTO departments (department_name, subject)
VALUES ('Botany', 'Using plants magically without smoking them');

INSERT INTO departments (department_name, subject)
VALUES ('Potions', 'The subtle science and exact art of mixing drinks');

INSERT INTO departments (department_name, subject)
VALUES ('Wand Craft', 'Like woodshop but your instructor has all of his fingers');

INSERT INTO departments (department_name, subject)
VALUES ('Spells', 'Saying Latin-ish things to open doors');

INSERT INTO departments (department_name, subject)
VALUES ('Animagus', 'Finding your spirit animal');


--HOUSES
INSERT INTO houses (house_name, colors, address_id)
VALUES ('Gryffindor', 'red/yellow', 9);

INSERT INTO houses (house_name, colors, address_id)
VALUES ('Ravenclaw', 'white/purple', 8);

INSERT INTO houses (house_name, colors, address_id)
VALUES ('Hufflepuff', 'orange/blue', 7);

INSERT INTO houses (house_name, colors, address_id)
VALUES ('Slytherin', 'black/silver', 6);


--STUDENTS

INSERT INTO students (contact_id, house_id)
VALUES (1, 4);

INSERT INTO students (contact_id, house_id)
VALUES (2, 1);

INSERT INTO students (contact_id, house_id)
VALUES (3, 1);

INSERT INTO students (contact_id, house_id)
VALUES (4, 1);

INSERT INTO students (contact_id, house_id)
VALUES (5, 1);

INSERT INTO students (contact_id, house_id)
VALUES (6, 1);

INSERT INTO students (contact_id, house_id)
VALUES (7, 1);

INSERT INTO students (contact_id, house_id)
VALUES (21, 2);

INSERT INTO students (contact_id, house_id)
VALUES (22, 2);

INSERT INTO students (contact_id, house_id)
VALUES (23, 2);

INSERT INTO students (contact_id, house_id)
VALUES (24, 4);

INSERT INTO students (contact_id, house_id)
VALUES (25, 4);


--PARENTS
INSERT INTO parents (contact_id, student_id, relationship)
VALUES (16, 1, 'Mother');

INSERT INTO parents (contact_id, student_id, relationship)
VALUES (17, 1, 'Father');

INSERT INTO parents (contact_id, student_id, relationship)
VALUES (18, 4, 'Father');

INSERT INTO parents (contact_id, student_id, relationship)
VALUES (19, 4, 'Mother');

INSERT INTO parents (contact_id, student_id, relationship)
VALUES (10, 5, 'Mother');

INSERT INTO parents (contact_id, student_id, relationship)
VALUES (10, 6, 'Mother');

INSERT INTO parents (contact_id, student_id, relationship)
VALUES (10, 7, 'Mother');

INSERT INTO parents (contact_id, student_id, relationship)
VALUES (10, 8, 'Mother');

INSERT INTO parents (contact_id, student_id, relationship)
VALUES (9, 5, 'Father');

INSERT INTO parents (contact_id, student_id, relationship)
VALUES (9, 6, 'Father');

INSERT INTO parents (contact_id, student_id, relationship)
VALUES (9, 7, 'Father');

INSERT INTO parents (contact_id, student_id, relationship)
VALUES (9, 8, 'Father');


--TEACHERS
INSERT INTO teachers (contact_id, department_id)
VALUES (11, 3);

INSERT INTO teachers (contact_id, department_id)
VALUES (12, 5);

INSERT INTO teachers (contact_id, department_id)
VALUES (13, 1);

INSERT INTO teachers (contact_id, department_id)
VALUES (14, 6);

INSERT INTO teachers (contact_id, department_id)
VALUES (15, 2);

--houses_heads
--SLYTHERIN
INSERT INTO houses_heads(teacher_id, house_id)
VALUES (1, 4);

--Hufflepuff
INSERT INTO houses_heads(teacher_id, house_id)
VALUES (5, 3);

--Ravenclaw
INSERT INTO houses_heads(teacher_id, house_id)
VALUES (2, 2);

--Gryffindor
INSERT INTO houses_heads(teacher_id, house_id)
VALUES (3, 1);

--SCHEDULES

INSERT INTO schedules (student_id, classes_id, year_active)
VALUES (1, 1, 2002);

INSERT INTO schedules (student_id, classes_id, year_active)
VALUES (1, 5, 2002);

INSERT INTO schedules (student_id, classes_id, year_active)
VALUES (1, 9, 2002);

INSERT INTO schedules (student_id, classes_id, year_active)
VALUES (1, 13, 2002);

INSERT INTO schedules (student_id, classes_id, year_active)
VALUES (2, 1, 2002);

INSERT INTO schedules (student_id, classes_id, year_active)
VALUES (2, 5, 2002);

INSERT INTO schedules (student_id, classes_id, year_active)
VALUES (2, 9, 2002);

INSERT INTO schedules (student_id, classes_id, year_active)
VALUES (2, 13, 2002);

INSERT INTO schedules (student_id, classes_id, year_active)
VALUES (5, 1, 2002);

INSERT INTO schedules (student_id, classes_id, year_active)
VALUES (5, 5, 2002);

INSERT INTO schedules (student_id, classes_id, year_active)
VALUES (5, 9, 2002);

INSERT INTO schedules (student_id, classes_id, year_active)
VALUES (5, 13, 2002);

INSERT INTO schedules (student_id, classes_id, year_active)
VALUES (4, 1, 2002);

INSERT INTO schedules (student_id, classes_id, year_active)
VALUES (4, 5, 2002);

INSERT INTO schedules (student_id, classes_id, year_active)
VALUES (4, 9, 2002);

INSERT INTO schedules (student_id, classes_id, year_active)
VALUES (4, 13, 2002);

INSERT INTO schedules (student_id, classes_id, year_active)
VALUES (10, 3, 2002);

INSERT INTO schedules (student_id, classes_id, year_active)
VALUES (10, 7, 2002);

INSERT INTO schedules (student_id, classes_id, year_active)
VALUES (10, 11, 2002);

INSERT INTO schedules (student_id, classes_id, year_active)
VALUES (10, 15, 2002);

INSERT INTO schedules (student_id, classes_id, year_active)
VALUES (7, 3, 2002);

INSERT INTO schedules (student_id, classes_id, year_active)
VALUES (7, 7, 2002);

INSERT INTO schedules (student_id, classes_id, year_active)
VALUES (7, 11, 2002);

INSERT INTO schedules (student_id, classes_id, year_active)
VALUES (7, 15, 2002);

INSERT INTO schedules (student_id, classes_id, year_active)
VALUES (8, 3, 2002);

INSERT INTO schedules (student_id, classes_id, year_active)
VALUES (8, 7, 2002);

INSERT INTO schedules (student_id, classes_id, year_active)
VALUES (8, 11, 2002);

INSERT INTO schedules (student_id, classes_id, year_active)
VALUES (8, 15, 2002);

--sorting_hats
INSERT INTO sorting_hats (houses_id, is_a_jerk) VALUES (1, TRUE);
INSERT INTO sorting_hats (houses_id, is_a_jerk) VALUES (2, TRUE);
INSERT INTO sorting_hats (houses_id, is_a_jerk) VALUES (3, TRUE);
INSERT INTO sorting_hats (houses_id, is_a_jerk) VALUES (4, TRUE);
